Annual Distance (miles/vehicle),2020.0
LDVs,13692.315949664
HDVs,23568.166142958
aircraft,500517.861198582
rail,0.0
ships,250.2175296
motorbikes,2699.511801304
