Annual Distance (miles/vehicle),2020.0
LDVs,13806.758219354
HDVs,13361.708547654
aircraft,3003022.89048474
rail,0.0
ships,235.92980662
motorbikes,2347.13673596
