Annual Distance (miles/vehicle),2020.0
LDVs,13720.344413681
HDVs,23593.833249008
aircraft,2585812.99401671
rail,0.0
ships,250.952257867
motorbikes,2704.40687111
