Annual Distance (miles/vehicle),2020.0
LDVs,12357.392531437
HDVs,47255.020892392
aircraft,0.0
rail,26141.165576192
ships,0.0
motorbikes,0.0
