Annual Distance (miles/vehicle),2020.0
LDVs,12382.141806885
HDVs,47306.593667954
aircraft,0.0
rail,26170.033380429
ships,0.0
motorbikes,0.0
