Annual Distance (miles/vehicle),2020.0
LDVs,12045.797600872
HDVs,49094.568175937
aircraft,0.0
rail,26193.137958582
ships,0.0
motorbikes,0.0
