Unit: dimensionless (ratio of electricity demand in this hour to annual demand),Hour0,Hour1,Hour2,Hour3,Hour4,Hour5,Hour6,Hour7,Hour8,Hour9,Hour10,Hour11,Hour12,Hour13,Hour14,Hour15,Hour16,Hour17,Hour18,Hour19,Hour20,Hour21,Hour22,Hour23
Winter,0,0,0,0,0.0,0.0,0.0,0.09132246376811591,0.3283605072463769,0.41939311594202894,0.41186594202898563,0.4069565217391305,0.40550724637681157,0.41456521739130436,0.4071014492753623,0.24567934782608694,0.044166666666666646,0.0,0.0,0,0,0,0,0
Spring,0,0,0,0,0.0005434782608695652,0.122601606805293,0.4023275047258976,0.6698960302457467,0.771833648393195,0.7807183364839319,0.7569943289224951,0.7397684310018902,0.7143549149338372,0.6836129489603027,0.6511814744801511,0.6090146502835537,0.46968336483931933,0.18810255198487705,0.02193998109640832,0,0,0,0,0
Summer,0,0,0,0,0.008447542533081281,0.252398393194707,0.5960066162570888,0.7558246691871457,0.8116493383742912,0.8247400756143668,0.8174858223062382,0.7867556710775045,0.7500118147448013,0.709782608695652,0.680871928166352,0.6475070888468808,0.5645793950850662,0.3546431947069942,0.10183128544423445,0,0,0,0,0
Fall,0,0,0,0,0.0,0.0020313613684960798,0.19586600142551666,0.5169992872416251,0.6445295794725588,0.6625980042765501,0.652049180327869,0.6330185317177475,0.6167676407697791,0.6084283677833215,0.6017997148966496,0.5227548111190304,0.24987526728439055,0.03640413399857447,0.0,0,0,0,0,0
Summer Peak,0,0,0,0,0.0,0.06739130434782609,0.29891304347826086,0.3804347826086957,0.3880434782608696,0.4956521739130435,0.5565217391304348,0.5380434782608695,0.4978260869565217,0.525,0.525,0.44456521739130433,0.32608695652173914,0.13152173913043477,0.002173913043478261,0,0,0,0,0
Winter Peak,0,0,0,0,0.0,0.0,0.0,0.003260869565217391,0.11739130434782609,0.19999999999999998,0.2510869565217391,0.2826086956521739,0.3630434782608695,0.3739130434782609,0.3456521739130435,0.10760869565217392,0.0,0.0,0.0,0,0,0,0,0
