Unit: dimensionless (ratio of electricity demand in this hour to annual demand),Hour0,Hour1,Hour2,Hour3,Hour4,Hour5,Hour6,Hour7,Hour8,Hour9,Hour10,Hour11,Hour12,Hour13,Hour14,Hour15,Hour16,Hour17,Hour18,Hour19,Hour20,Hour21,Hour22,Hour23
Winter,0,0,0,0,0.0,0.0,0.016739130434782607,0.1368115942028986,0.27666666666666667,0.3153623188405796,0.32492753623188414,0.3236231884057971,0.3266666666666667,0.4123913043478259,0.34956521739130436,0.14340579710144927,0.017101449275362324,0.0,0.0,0,0,0,0,0
Spring,0,0,0,0,0.0035916824196597368,0.023251417769376177,0.3396030245746693,0.4658790170132324,0.5254253308128544,0.5248582230623817,0.5075614366729679,0.4985822306238185,0.49584120982986735,0.5351606805293005,0.5113421550094519,0.435538752362949,0.2690926275992439,0.14952741020793953,0.009451795841209832,0,0,0,0,0
Summer,0,0,0,0,0.011342155009451781,0.04574669187145557,0.4398865784499054,0.5158790170132325,0.541493383742911,0.5524574669187147,0.5387523629489605,0.5189035916824194,0.4948015122873346,0.5353497164461248,0.5120982986767485,0.46266540642722126,0.35935727788279787,0.19612476370510398,0.0344045368620038,0,0,0,0,0
Fall,0,0,0,0,0.0,0.0,0.24262295081967217,0.4152530292230936,0.4574483250178189,0.4699928724162508,0.45972915181753377,0.4511760513186029,0.4506058446186743,0.49109052031361367,0.45203136136849603,0.3337134711332858,0.11204561653599433,0.036350677120456185,0.0,0,0,0,0,0
Summer Peak,0,0,0,0,0.0,0.02608695652173913,0.34782608695652173,0.42608695652173917,0.46956521739130436,0.39999999999999997,0.33043478260869563,0.39999999999999997,0.4782608695652174,0.5478260869565217,0.4869565217391304,0.28695652173913044,0.28695652173913044,0.0782608695652174,0.0,0,0,0,0,0
Winter Peak,0,0,0,0,0.0,0.0,0.0,0.09565217391304348,0.22608695652173913,0.17391304347826086,0.21739130434782608,0.2956521739130435,0.30434782608695654,0.33043478260869563,0.25217391304347825,0.06956521739130435,0.0,0.0,0.0,0,0,0,0,0
