solar pv dist,Hour0,Hour1,Hour2,Hour3,Hour4,Hour5,Hour6,Hour7,Hour8,Hour9,Hour10,Hour11,Hour12,Hour13,Hour14,Hour15,Hour16,Hour17,Hour18,Hour19,Hour20,Hour21,Hour22,Hour23
Winter,0,0,0,0,0.0,0.0,0.017466918714555767,0.13746691871455582,0.2761436672967863,0.3158412098298675,0.32582230623818537,0.3235538752362949,0.32529300567107755,0.40990548204158767,0.3486578449905483,0.1461625708884688,0.017844990548204164,0.0,0.0,0,0,0,0,0
Spring,0,0,0,0,0.0035916824196597368,0.023251417769376177,0.3396030245746693,0.4658790170132324,0.5254253308128544,0.5248582230623817,0.5075614366729679,0.4985822306238185,0.49584120982986735,0.5351606805293005,0.5113421550094519,0.435538752362949,0.2690926275992439,0.14952741020793953,0.009451795841209832,0,0,0,0,0
Summer,0,0,0,0,0.011194402798600688,0.04547726136931533,0.438680659670165,0.5155422288855572,0.5417291354322837,0.5534232883558221,0.5401299350324839,0.5186406796601698,0.4921539230384807,0.5306346826586708,0.5072463768115941,0.46076961519240395,0.3547226386806597,0.19490254872563717,0.03418290854572715,0,0,0,0,0
Fall,0,0,0,0,0.0,0.0,0.24262295081967217,0.4152530292230936,0.4574483250178189,0.4699928724162508,0.45972915181753377,0.4511760513186029,0.4506058446186743,0.49109052031361367,0.45203136136849603,0.3337134711332858,0.11204561653599433,0.036350677120456185,0.0,0,0,0,0,0
Summer Peak,0,0,0,0,0.0,0.02608695652173913,0.34782608695652173,0.42608695652173917,0.46956521739130436,0.39999999999999997,0.33043478260869563,0.39999999999999997,0.4782608695652174,0.5478260869565217,0.4869565217391304,0.28695652173913044,0.28695652173913044,0.0782608695652174,0.0,0,0,0,0,0
Winter Peak,0,0,0,0,0.0,0.0,0.0,0.09565217391304348,0.22608695652173913,0.17391304347826086,0.21739130434782608,0.2956521739130435,0.30434782608695654,0.33043478260869563,0.25217391304347825,0.06956521739130435,0.0,0.0,0.0,0,0,0,0,0
