solar pv,Hour0,Hour1,Hour2,Hour3,Hour4,Hour5,Hour6,Hour7,Hour8,Hour9,Hour10,Hour11,Hour12,Hour13,Hour14,Hour15,Hour16,Hour17,Hour18,Hour19,Hour20,Hour21,Hour22,Hour23
Winter,0,0,0,0,0.0,0.0,0.0,0.0818070560265036,0.2870234098952399,0.3655177404817634,0.35926219690899724,0.35537406010227146,0.35290801138764605,0.35758528378305215,0.3496610472467226,0.2148997051548316,0.040081511775043356,0.0,0.0,0,0,0,0,0
Spring,0,0,0,0,0.0004726593369698511,0.10662578129861183,0.3499014869963984,0.5826040088302296,0.6712584601210096,0.6789854127601687,0.6583528051811368,0.643371559239788,0.6212695976349586,0.5945335194872297,0.5663280873137023,0.5296558878866284,0.4084804191717273,0.16359150660645644,0.01908105192941334,0,0,0,0,0
Summer,0,0,0,0,0.007008397065415028,0.21924873796270472,0.5207510662900479,0.6623424184752005,0.7119662159910926,0.721875763469633,0.7139111819983937,0.6862796258164549,0.6537367588227835,0.6167063445608697,0.5903678104731708,0.5613454406100332,0.4898597905427999,0.30814129050868966,0.08814281704596398,0,0,0,0,0
Fall,0,0,0,0,0.0,0.0017666611283463287,0.17034332563844592,0.4496307541915823,0.5605429795913601,0.5762569654171774,0.56708272517173,0.550531899864064,0.5363986108372937,0.5291460019946088,0.5233811077863203,0.45463629405523004,0.21731481581404002,0.031660427063259194,0.0,0,0,0,0,0
Summer Peak,0,0,0,0,0.0,0.058609757784261536,0.25996263533341807,0.3308615358788958,0.3374787665964737,0.4310653153165042,0.48400316105712754,0.4679327436001525,0.4329559526643836,0.45658891951287617,0.45658891951287617,0.3866353376413382,0.28359560218191066,0.11438355954670396,0.0018906373478794045,0,0,0,0,0
Winter Peak,0,0,0,0,0.0,0.0,0.0,0.0028359560218191066,0.10209441678548783,0.1739386360049052,0.2183686136800712,0.24578285522432256,0.31573643709586047,0.32518962383525757,0.30061133831282527,0.09358654872003051,0.0,0.0,0.0,0,0,0,0,0
